epoch,step,train_loss,val_loss
0,30,,47925.015625
1,49,43998.90625,
1,61,,47906.30078125
2,92,,47886.45703125
3,99,35087.67578125,
3,123,,47863.625
4,149,34217.609375,
4,154,,47836.1484375
5,185,,47803.3984375
6,199,31588.251953125,
6,216,,47764.234375
7,247,,47717.7109375
8,249,40533.62109375,
8,278,,47663.203125
9,299,29665.19921875,
9,309,,47599.7578125
