epoch,step,train_loss,val_loss
0,30,,47920.7734375
1,49,38955.33203125,
1,61,,47899.9453125
2,92,,47877.7578125
3,99,28990.974609375,
3,123,,47852.82421875
4,149,31398.109375,
4,154,,47823.53125
5,185,,47788.7265625
6,199,41205.875,
6,216,,47747.125
7,247,,47697.88671875
8,249,34667.8515625,
8,278,,47639.84765625
9,299,37105.078125,
9,309,,47572.28125
